{
	"format_version": "1.8.0",
	"animations": {
		"animation.ant.walking": {
			"loop": true,
			"animation_length": 1,
			"bones": {
				"LegRight1": {
					"rotation": {
						"0.0": [-26.05573, 15.81499, -7.59001],
						"0.125": [1.66281, 33.30869, -7.07039],
						"0.375": [0, -12.5, 0],
						"0.5": [-26.05573, 15.81499, -7.59001],
						"0.625": [1.66281, 33.30869, -7.07039],
						"0.875": [0, -15, 0],
						"1.0": [-26.05573, 15.81499, -7.59001]
					}
				},
				"LegRight2": {
					"rotation": {
						"0.0": [0, -25, 0],
						"0.25": [-28.9854, 17.66046, -9.54013],
						"0.375": [-9.37025, 33.67937, -16.64396],
						"0.5": [0, -25, 0],
						"0.75": [-28.9854, 17.66046, -9.54013],
						"0.875": [-9.37025, 33.67937, -16.64396],
						"1.0": [0, -25, 0]
					}
				},
				"LegRight3": {
					"rotation": {
						"0.0": [-26.05573, 15.81499, -7.59001],
						"0.125": [2.32544, 53.29715, -6.11892],
						"0.375": [0, 0, 0],
						"0.5": [-26.05573, 15.81499, -7.59001],
						"0.625": [2.1989, 50.7991, -6.27936],
						"0.875": [0, 0, 0],
						"1.0": [-26.05573, 15.81499, -7.59001]
					}
				},
				"LegLeft1": {
					"rotation": {
						"0.0": [-26.05573, 15.81499, -7.59001],
						"0.125": [1.66281, 33.30869, -7.07039],
						"0.375": [0, -12.5, 0],
						"0.5": [-26.05573, 15.81499, -7.59001],
						"0.625": [1.66281, 33.30869, -7.07039],
						"0.875": [0, -15, 0],
						"1.0": [-26.05573, 15.81499, -7.59001]
					}
				},
				"LegLeft2": {
					"rotation": {
						"0.0": [0, -25, 0],
						"0.25": [-28.9854, 17.66046, -9.54013],
						"0.375": [-9.37025, 33.67937, -16.64396],
						"0.625": [0, -25, 0],
						"0.75": [-28.9854, 17.66046, -9.54013],
						"0.875": [-9.37025, 33.67937, -16.64396],
						"1.0": [0, -25, 0]
					}
				},
				"LegLeft3": {
					"rotation": {
						"0.0": [-26.05573, 15.81499, -7.59001],
						"0.125": [2.32544, 53.29715, -6.11892],
						"0.375": [0, 0, 0],
						"0.5": [-26.05573, 15.81499, -7.59001],
						"0.625": [2.1989, 50.7991, -6.27936],
						"0.875": [0, 0, 0],
						"1.0": [-26.05573, 15.81499, -7.59001]
					}
				},
				"ChompRight": {
					"rotation": {
						"0.0": [0, 0, 0],
						"0.2917": [0, -25, 0],
						"0.5417": [0, 0, 0],
						"0.7917": [0, -25, 0],
						"1.0": [0, -2, 0]
					}
				},
				"ChompLeft": {
					"rotation": {
						"0.0": [0, 0, 0],
						"0.2917": [0, -25, 0],
						"0.5417": [0, 0, 0],
						"0.7917": [0, -25, 0],
						"1.0": [0, -2, 0]
					}
				},
				"HeadMain": {
					"rotation": {
						"0.0": [-5, 5, 0],
						"0.25": [5, -5, 0],
						"0.5": [-5, 5, 0],
						"0.75": [5, -5, 0],
						"1.0": [-5, 5, 0]
					}
				},
				"Torso": {
					"rotation": {
						"0.0": [-12.5, 0, 0],
						"0.25": [2.5, 0, 0],
						"0.5": [-12.5, 0, 0],
						"0.75": [2.5, 0, 0],
						"1.0": [-12.5, 0, 0]
					}
				},
				"Ass": {
					"rotation": {
						"0.0": [-10, -10, 0],
						"0.25": [10, 10, 0],
						"0.5": [-10, -10, 0],
						"0.75": [10, 10, 0],
						"1.0": [-10, -10, 0]
					}
				},
				"ThingRight": {
					"rotation": {
						"0.0": [-12.5, 20, 0],
						"0.2917": [12.5, -20, 0],
						"0.5417": [-12.5, 20, 0],
						"0.7917": [12.5, -20, 0],
						"1.0": [-12.5, 18, 0]
					}
				},
				"ThingLeft": {
					"rotation": {
						"0.0": [-12.5, 20, 0],
						"0.2917": [12.5, -20, 0],
						"0.5417": [-12.5, 20, 0],
						"0.7917": [12.5, -20, 0],
						"1.0": [-12.5, 18, 0]
					}
				}
			}
		}
	}
}